Name,Genre,ArtistName
#1 Zero,Alternative & Punk,Audioslave
(Anesthesia) Pulling Teeth,Metal,Metallica
(I Can't Help) Falling In Love With You,Reggae,UB40
[Untitled],Alternative & Punk,Smashing Pumpkins
13 Years Of Grief,Metal,Black Label Society
1979,Alternative & Punk,Smashing Pumpkins
2 A.M.,Rock,Iron Maiden
2 Minutes To Midnight,Metal,Iron Maiden
200 Years Old,Rock,Frank Zappa & Captain Beefheart
2112 Overture,Rock,Rush
51st Anniversary,Rock,Jimi Hendrix
A Banda,Latin,Chico Buarque
A Castle Full Of Rascals,Rock,Deep Purple
A Cor Do Sol,Reggae,Cidade Negra
A E O Z,Alternative & Punk,Os Mutantes
A Estrada,Reggae,Cidade Negra
À Francesa,Latin,Cláudio Zoli
A Man And A Woman,Rock,U2
A Novidade (Live),Latin,Gilberto Gil
A Rua,Latin,Ed Motta
A Sombra Da Maldade,Reggae,Cidade Negra
A Touch Away,Rock,Deep Purple
A Twist In The Tail,Rock,Deep Purple
A Volta Da Asa Branca,Soundtrack,Gilberto Gil
A World Without Heroes,Rock,Kiss
A.N.D.R.O.T.A.Z.,Metal,Black Label Society
Acacia Avenue,Heavy Metal,Iron Maiden
Aces High,Heavy Metal,Iron Maiden
Acrobat,Rock,U2
Action,Rock,Def Leppard
Adios nonino,Classical,The 12 Cellists of The Berlin Philharmonic
Advance Romance,Rock,Frank Zappa & Captain Beefheart
Afraid,Metal,Mötley Crüe
Afraid To Shoot Strangers,Rock,Iron Maiden
After Midnight,Blues,Eric Clapton
Agora Que O Dia Acordou,Latin,Ed Motta
Ainda É Cedo,Latin,Legião Urbana
Ain't Talkin' 'Bout Love,Rock,Van Halen
Alabama Song,Rock,The Doors
Alagados,Latin,Os Paralamas Do Sucesso
All Because Of You,Rock,U2
All For You,Metal,Black Label Society
All I Really Want,Rock,Alanis Morissette
All My Love,Hip Hop/Rap,House Of Pain
All Night Thing,Alternative,Temple of the Dog
Am I Evil?,Metal,Metallica
Amazing,Rock,Aerosmith
American Idiot,Alternative & Punk,Green Day
Amor De Muito,Latin,Chico Science & Nação Zumbi
Amor Demais,Latin,Cláudio Zoli
Ando Meio Desligado,Alternative & Punk,Os Mutantes
Aneurysm,Rock,Nirvana
Angel,Rock,Aerosmith
Angela,Jazz,Antônio Carlos Jobim
Animal,Rock,Def Leppard
Another Round,Rock,Foo Fighters
Antes Das Seis,Latin,Legião Urbana
Anthem,Rock,Rush
Anya,Rock,Deep Purple
Apache Rose Peacock,Alternative & Punk,Red Hot Chili Peppers
Apesar De Você,Latin,Chico Buarque
Are We The Waiting,Alternative & Punk,Green Day
Are You Experienced?,Rock,Jimi Hendrix
Are You Gonna Be My Girl,Alternative & Punk,JET
Armageddon It,Rock,Def Leppard
As Pegadas Do Amor,Soundtrack,Gilberto Gil
As The Years Go by,Rock,Santana
As We Sleep,Jazz,Spyro Gyra
Asa Branca,Soundtrack,Gilberto Gil
Assum Preto,Soundtrack,Gilberto Gil
Astronomy,Metal,Metallica
Atomic Punk,Rock,Van Halen
Atras Da Porta,Latin,Chico Buarque
Ava Adore,Alternative & Punk,Smashing Pumpkins
Babe I'm Gonna Leave You,Rock,Led Zeppelin
Baby,Alternative & Punk,Os Mutantes
Babyface,Rock,U2
Back Door Man,Rock,The Doors
Back in the Village,Metal,Iron Maiden
Back to Black,R&B/Soul,Amy Winehouse
Bad Boy Boogie,Rock,AC/DC
Badge,Blues,Eric Clapton
Baião Ambiental [Instrumental],Latin,Chico Science & Nação Zumbi
Baião Da Penha,Soundtrack,Gilberto Gil
Baixo Rio,Latin,Ed Motta
Balada Do Louco,Alternative & Punk,Os Mutantes
Ballot or the Bullet,Rock,Van Halen
Balls to the Wall,Rock,Accept
Banho De Lua,Alternative & Punk,Os Mutantes
Bark at the Moon,Rock,Ozzy Osbourne
Basket Case,Alternative & Punk,Green Day
Bastille Day,Rock,Rush
Bat Macumba,Alternative & Punk,Os Mutantes
Battery,Metal,Metallica
Be Good Johnny,Rock,Men At Work
Be Quick Or Be Dead,Rock,Iron Maiden
Be Yourself,Alternative & Punk,Audioslave
Beautiful Day,Rock,U2
Been A Son,Rock,Nirvana
Behind The Wall Of Sleep,Metal,Black Sabbath
Believe,Jazz,Spyro Gyra
Bell Bottom Blues,Blues,Eric Clapton
Best Of You,Rock,Foo Fighters
Best Thing,Jazz,Spyro Gyra
Beth,Rock,Kiss
Better Man,Rock,Pearl Jam
Bitter Pill,Metal,Mötley Crüe
Bitter Suite: Brief Encounter / Lost Weekend / Blue Angel,Rock,Marillion
Black,Rock,Pearl Jam
Black Capricorn Day,R&B/Soul,Jamiroquai
Black Country Woman,Rock,Led Zeppelin
Black Diamond,Rock,Kiss
Black Dog,Rock,Led Zeppelin
Black Moon Creeping,Blues,The Black Crowes
Black Mountain Side,Rock,Led Zeppelin
Black Sabbath,Metal,Black Sabbath
Bleed The Freak,Rock,Alice In Chains
Blew,Rock,Nirvana
Blind Curve: Vocal Under A Bloodlight / Passing Strangers / Mylo / Perimeter Walk / Threshold,Rock,Marillion
Blind Man,Rock,Aerosmith
Blitzkrieg,Metal,Metallica
Blood Brothers,Metal,Iron Maiden
Blood In The Wall,Metal,Black Label Society
Blood On The World's Hands,Rock,Iron Maiden
Blood Sugar Sex Magik,Alternative & Punk,Red Hot Chili Peppers
Bloodsucker,Rock,Deep Purple
Blow Your Mind,Rock,Jamiroquai
Blue Train,Rock,Page & Plant
Blues For Pablo,Jazz,Miles Davis
Blues For Pablo (Alternate Take),Jazz,Miles Davis
Boogie With Stu,Rock,Led Zeppelin
Bored To Tears,Metal,Black Label Society
Born To Booze,Metal,Black Label Society
Boulevard Of Broken Dreams,Alternative & Punk,Green Day
Brain Stew,Alternative & Punk,Green Day
Brave New World,Metal,Iron Maiden
Breadfan,Metal,Metallica
Break on Through,Rock,The Doors
Breakfast In Bed,Rock,Deep Purple
Breaking The Girl,Alternative & Punk,Red Hot Chili Peppers
Breaking The Law (Live),Metal,Judas Priest
Breaking The Rules,Rock,AC/DC
Breed,Rock,Nirvana
Brejo Da Cruz,Latin,Chico Buarque
Bring It On Home,Rock,Led Zeppelin
Bring Me Your Cup,Reggae,UB40
Bring'em Back Alive,Rock,Audioslave
Bringin' On The Heartbreak,Rock,Def Leppard
Bron-Y-Aur Stomp,Rock,Led Zeppelin
Bron-Yr-Aur,Rock,Led Zeppelin
Bullet With Butterfly Wings,Alternative & Punk,Smashing Pumpkins
Burn,Rock,Deep Purple
Burning Up,Rock,Page & Plant
Butterfly,R&B/Soul,Jamiroquai
By The Way,Rock,Red Hot Chili Peppers
By-Tor And The Snow Dog,Rock,Rush
C.O.D.,Rock,AC/DC
Cabron,Rock,Red Hot Chili Peppers
Cada Um Cada Um (A Namoradeira),Latin,Cláudio Zoli
Caleidoscópio,Latin,Os Paralamas Do Sucesso
Call Me a Dog,Alternative,Temple of the Dog
Calling Dr. Love,Rock,Kiss
Can I Play With Madness,Rock,Iron Maiden
Can You See Me,Rock,Jimi Hendrix
Canned Heat,R&B/Soul,Jamiroquai
Can't Get There From Here,Alternative & Punk,R.E.M.
Can't Stop,Rock,Red Hot Chili Peppers
Carnival Of Sorts,Alternative & Punk,R.E.M.
Carolina,Latin,Chico Buarque
Carolina Hard-Core Ecstasy,Rock,Frank Zappa & Captain Beefheart
Carouselambra,Rock,Led Zeppelin
Cartao Postal,Latin,Olodum
Cascades : I'm Not Your Lover,Rock,Deep Purple
Casinha Feliz,Soundtrack,Gilberto Gil
Celebration Day,Rock,Led Zeppelin
Cérebro Eletrônico (Live),Latin,Gilberto Gil
C'est La Vie,Reggae,UB40
Chão De Estrelas,Alternative & Punk,Os Mutantes
Cherub Rock,Alternative & Punk,Smashing Pumpkins
Child In Time,Rock,Deep Purple
Childhoods End?,Rock,Marillion
Children Of The Damned,Heavy Metal,Iron Maiden
Cinema Mudo,Latin,Os Paralamas Do Sucesso
City Of Blinding Lights,Rock,U2
Closer To The Heart,Rock,Rush
Cocaine,Blues,Eric Clapton
Cochise,Rock,Audioslave
Cold Day In The Sun,Rock,Foo Fighters
Cold Gin,Rock,Kiss
Cold Hard Bitch,Alternative & Punk,JET
Colibri,Jazz,Incognito
Com Açúcar E Com Afeto,Latin,Chico Buarque
Come And Get Some Of This,Hip Hop/Rap,House Of Pain
Come Around Again,Alternative & Punk,JET
Come As You Are,Rock,Nirvana
Comin' Home,Rock,Kiss
Commercial 1,Hip Hop/Rap,House Of Pain
Commercial 2,Hip Hop/Rap,House Of Pain
Communication Breakdown,Rock,Led Zeppelin
Communication Breakdown(2),Rock,Led Zeppelin
Communication Breakdown(3),Rock,Led Zeppelin
Confusion,Rock,Alice In Chains
Construção / Deus Lhe Pague,Latin,Chico Buarque
Copacabana (Live),Latin,Gilberto Gil
Corcovado (Quiet Nights Of Quiet Stars),Jazz,Antônio Carlos Jobim
Corduroy,Rock,Pearl Jam
Corinna,Rock,The Rolling Stones
Corpo De Lama,Latin,Chico Science & Nação Zumbi
Cosmic Fiend,Blues,The Black Crowes
Crash Course In Brain Surgery,Metal,Metallica
Crazy,Rock,Aerosmith
Crazy Train,Rock,Ozzy Osbourne
Creeping Death,Metal,Apocalyptica
Criança De Domingo,Latin,Chico Science & Nação Zumbi
Crossroads,Blues,Eric Clapton
Crumbs From Your Table,Rock,U2
Cryin',Rock,Aerosmith
Cucamonga,Rock,Frank Zappa & Captain Beefheart
Cursed Diamonds,Blues,The Black Crowes
Custard Pie,Rock,Led Zeppelin
Cuyahoga,Alternative & Punk,R.E.M.
Daddy's Gonna Pay For Your Crashed Car,Rock,U2
Damage Case,Metal,Metallica
Damage Inc.,Metal,Metallica
Dancing Days,Rock,Led Zeppelin
Dandelion,Alternative & Punk,Audioslave
Dark Side Of The Cog,Jazz,Incognito
Daughter,Rock,Pearl Jam
Dazed and Confused,Rock,Led Zeppelin
De La Luz,Jazz,Spyro Gyra
De Ouro E Marfim (Live),Latin,Gilberto Gil
Debra Kadabra,Rock,Frank Zappa & Captain Beefheart
Deep Waters,Jazz,Incognito
Deeper Underground,R&B/Soul,Jamiroquai
Denúncia,Latin,Olodum
Desafinado,Jazz,Antônio Carlos Jobim
Desculpe Babe,Alternative & Punk,Os Mutantes
Destitute Illusions,R&B/Soul,Jamiroquai
Detroit Rock City,Rock,Kiss
Deuce,Rock,Kiss
Deuces Are Wild,Rock,Aerosmith
Dezesseis,Latin,Legião Urbana
Diamonds And Rust (Live),Metal,Judas Priest
Didgin' Out,Rock,Jamiroquai
Die Die My Darling,Metal,Metallica
Die With Your Boots On,Heavy Metal,Iron Maiden
Dindi (Dindi),Jazz,Antônio Carlos Jobim
Dirty Day,Rock,U2
Dirty Water Dog,Rock,Van Halen
Disarm,Alternative & Punk,Smashing Pumpkins
Disposable Heroes,Metal,Metallica
Do The Evolution,Rock,Pearl Jam
Do You Have Other Loves?,Latin,Ed Motta
Do You Love Me,Rock,Kiss
DOA,Rock,Foo Fighters
Doesn't Remind Me,Alternative & Punk,Audioslave
Dog Eat Dog,Rock,AC/DC
Doll,Rock,Foo Fighters
Domino,Rock,Kiss
Don't Forget Me,Rock,Red Hot Chili Peppers
Don't Go Away Mad (Just Go Away),Metal,Mötley Crüe
Don't Go Back To Rockville,Alternative & Punk,R.E.M.
Dosed,Rock,Red Hot Chili Peppers
Doutor,Reggae,Cidade Negra
Down by the Sea,Rock,Men At Work
Down By The Seaside,Rock,Led Zeppelin
Down Under,Rock,Men At Work
Downtown,Reggae,Cidade Negra
Dr. Feelgood,Metal,Mötley Crüe
Dr. Heckyll & Mr. Jive,Rock,Men At Work
Drain You,Rock,Nirvana
Dream Of Mirrors,Rock,Iron Maiden
Driver 8,Alternative & Punk,R.E.M.
Drown,Alternative & Punk,Smashing Pumpkins
Drown Me Slowly,Alternative & Punk,Audioslave
Dude (Looks Like A Lady),Rock,Aerosmith
Duelists,Metal,Iron Maiden
D'Yer Mak'er,Rock,Led Zeppelin
Eat The Rich,Rock,Aerosmith
Eduardo E Mônica,Latin,Legião Urbana
El Corazon Manda,Rock,Santana
Elderly Woman Behind The Counter In A Small Town,Rock,Pearl Jam
Electric Eye,Metal,Judas Priest
Elevation,Rock,U2
Emergency On Planet Earth,Rock,Jamiroquai
End Of Romanticism,Jazz,Spyro Gyra
End Of The Night,Rock,The Doors
End Over End,Rock,Foo Fighters
Enough Space,Rock,Foo Fighters
Enquanto O Mundo Explode,Latin,Chico Science & Nação Zumbi
Enslaved,Metal,Mötley Crüe
Enter Sandman,Metal,Apocalyptica
Entre E Ouça,Latin,Ed Motta
Eruption,Rock,Van Halen
Escape,Metal,Metallica
Esperando Na Janela,Soundtrack,Gilberto Gil
Essa Moça Ta Diferente,Latin,Chico Buarque
Estrela (Live),Latin,Gilberto Gil
Etnia,Latin,Chico Science & Nação Zumbi
Eu Também Quero Beijar,Reggae,Cidade Negra
Even Better Than The Real Thing,Rock,U2
Even Flow,Rock,Pearl Jam
Everlong,Rock,Foo Fighters
Every Time I Look At You,Rock,Kiss
Everything I Need,Rock,Men At Work
Evil Walks,Rock,AC/DC
Evil Ways,Rock,Santana
Evil Woman,Metal,Black Sabbath
Exploder,Rock,Audioslave
Extraordinary Girl,Alternative & Punk,Green Day
Eye,Alternative & Punk,Smashing Pumpkins
F*Ckin' Up,Rock,Pearl Jam
Fade To Black,Metal,Metallica
Failling,R&B/Soul,Jamiroquai
Falando De Amor,Jazz,Antônio Carlos Jobim
Falar A Verdade,Reggae,Cidade Negra
Fall On Me,Alternative & Punk,R.E.M.
Faraó Divindade Do Egito,Latin,Olodum
Faroeste Caboclo,Latin,Legião Urbana
Fast As a Shark,Rock,Accept
Fear Of The Dark,Rock,Iron Maiden
February Stars,Rock,Foo Fighters
Feel It,Hip Hop/Rap,House Of Pain
Feel Your Love Tonight,Rock,Van Halen
Felicidade Urgente,Latin,Cláudio Zoli
Férias,Latin,Cláudio Zoli
Fight Fire With Fire,Metal,Metallica
Finding My Way,Rock,Rush
Fire,Rock,Jimi Hendrix
Fire In The Basement,Rock,Deep Purple
Fire in the Hole,Rock,Van Halen
Firmamento,Reggae,Cidade Negra
Flash of The Blade,Metal,Iron Maiden
Flight Of Icarus,Metal,Iron Maiden
Flight Of The Icarus,Metal,Iron Maiden
Flight Of The Rat,Rock,Deep Purple
Flip The Switch,Rock,The Rolling Stones
Flor Do Futuro,Latin,Cláudio Zoli
Fly By Night,Rock,Rush
Fool In The Rain,Rock,Led Zeppelin
For Those About To Rock (We Salute You),Rock,AC/DC
For Whom The Bell Tolls,Metal,Metallica
Fora Da Ordem,Latin,Chico Buarque
Forgiven,Rock,Alanis Morissette
Fortunes Of War,Rock,Iron Maiden
Fortuneteller,Rock,Deep Purple
Fotografia,Jazz,Antônio Carlos Jobim
Four Walled World,Alternative,Temple of the Dog
Foxy Lady,Rock,Jimi Hendrix
Free Me,Rock,Foo Fighters
Free Speech For The Dumb,Metal,Metallica
Freewheel Burning,Metal,Judas Priest
Freewill,Rock,Rush
Fried Neckbones And Home Fries,Rock,Santana
Friend Of A Friend,Rock,Foo Fighters
Friends,Rock,Led Zeppelin
From Afar,Rock,Van Halen
From Here To Eternity,Rock,Iron Maiden
Funky Monks,Alternative & Punk,Red Hot Chili Peppers
Funky Piano,Rock,Santana
Gallows Pole,Rock,Led Zeppelin
Garota De Ipanema,Jazz,Antônio Carlos Jobim
Gasoline,Rock,Audioslave
Geek Stink Breath,Alternative & Punk,Green Day
Geni E O Zepelim,Latin,Chico Buarque
Geração Coca-Cola,Latin,Legião Urbana
Get Me Outta Here,Alternative & Punk,JET
Get What You Need,Alternative & Punk,JET
Getaway Car,Rock,Audioslave
Ghandi (Live),Latin,Gilberto Gil
Ghost Of The Navigator,Metal,Iron Maiden
Gimmie Shelters,Rock,The Rolling Stones
Girl From A Pawnshop,Blues,The Black Crowes
Give It Away,Alternative & Punk,Red Hot Chili Peppers
Give Me Novacaine,Alternative & Punk,Green Day
Given To Fly,Rock,Pearl Jam
Giz,Latin,Legião Urbana
Glitter,Metal,Mötley Crüe
Go,Rock,Pearl Jam
Go Down,Rock,AC/DC
God Gave Rock 'n' Roll To You,Rock,Kiss
God Of Thunder,Rock,Kiss
Goin' Blind,Rock,Kiss
Going Down / Highway Star,Rock,Deep Purple
Going To California,Rock,Led Zeppelin
Good Riddance (Time Of Your Life),Alternative & Punk,Green Day
Good Times Bad Times,Rock,Led Zeppelin
Gostava Tanto De Você,Latin,Cláudio Zoli
Gota D'água,Latin,Chico Buarque
Grace,Rock,U2
Greasy Grass River,Blues,The Black Crowes
Green Grow The Rushes,Alternative & Punk,R.E.M.
Guess Who's Back,Hip Hop/Rap,House Of Pain
Gypsy,Rock,Deep Purple
Há Tempos,Latin,Legião Urbana
Half The Man,Electronica/Dance,Jamiroquai
Hallowed Be Thy Name,Metal,Iron Maiden
Hand In My Pocket,Rock,Alanis Morissette
Hard Lovin' Man,Rock,Deep Purple
Hard Luck Woman,Rock,Kiss
Hard To Handle,Blues,The Black Crowes
Harvester Of Sorrow,Metal,Apocalyptica
Hats Off To (Roy) Harper,Rock,Led Zeppelin
Have You Ever Needed Someone So Bad,Rock,Def Leppard
He Can Only Hold Her,R&B/Soul,Amy Winehouse
Head Over Feet,Rock,Alanis Morissette
Heading Out To The Highway (Live),Metal,Judas Priest
Heart In Your Hand,Rock,Page & Plant
Heart Of Gold,Metal,Black Label Society
Heart Of Lothian: Wide Boy / Curtain Call,Rock,Marillion
Heart of the Night,Jazz,Spyro Gyra
Heartbreaker,Rock,Led Zeppelin
Heart-Shaped Box,Rock,Nirvana
Heaven Is,Rock,Def Leppard
Heaven's Dead,Alternative & Punk,Audioslave
Heliopolis,Jazz,Spyro Gyra
Hell,Rock,Foo Fighters
Hell Ain't A Bad Place To Be,Rock,AC/DC
Helpless,Metal,Metallica
Here I Am (Come And Take Me),Reggae,UB40
Hey Cisco,Rock,Deep Purple
Hey Joe,Rock,Jimi Hendrix
High Ball Shooter,Rock,Deep Purple
High Head Blues,Blues,The Black Crowes
Higher Ground,Reggae,UB40
Highway Chile,Rock,Jimi Hendrix
Hit The Lights,Metal,Metallica
Hitchin' A Ride,Alternative & Punk,Green Day
Hold On,Rock,Deep Purple
Holiday,Alternative & Punk,Green Day
Holy Man,Rock,Deep Purple
Home Sweet Home,Metal,Mötley Crüe
Homecoming / The Death Of St. Jimmy / East 12th St. / Nobody Likes You / Rock And Roll Girlfriend / We're Coming Home Again,Alternative & Punk,Green Day
Homely Girl,Reggae,UB40
Hooked Up,Rock,Jamiroquai
Hot Dog,Rock,Led Zeppelin
Hot Rockin',Metal,Judas Priest
House And The Rising Sun,Hip Hop/Rap,House Of Pain
House Of Love,Rock,Page & Plant
House Of Pain Anthem,Hip Hop/Rap,House Of Pain
Houses Of The Holy,Rock,Led Zeppelin
How Many More Times,Rock,Led Zeppelin
How Many Say I,Rock,Van Halen
Hunger Strike,Alternative,Temple of the Dog
Hypnotize,Rock,Audioslave
Hysteria,Rock,Def Leppard
I am the Highway,Rock,Audioslave
I Believe,Alternative & Punk,R.E.M.
I Can't Quit You Baby,Rock,Led Zeppelin
I Can't Quit You Baby(2),Rock,Led Zeppelin
I Can't Remember,Rock,Alice In Chains
I Can't Stand It,Blues,Eric Clapton
I Could Die For You,Rock,Red Hot Chili Peppers
I Could Have Lied,Alternative & Punk,Red Hot Chili Peppers
I Don't Know,Rock,Ozzy Osbourne
I Don't Live Today,Rock,Jimi Hendrix
I Don't Wanna Be Kissed (By Anyone But You),Jazz,Miles Davis
I Don't Wanna Be Kissed (By Anyone But You) (Alternate Take),Jazz,Miles Davis
I Feel Free,Blues,Eric Clapton
I Know Somethin (Bout You),Rock,Alice In Chains
I Looked At You,Rock,The Doors
I Shot The Sheriff,Blues,Eric Clapton
I Still Love You,Rock,Kiss
I Was Made For Loving You,Rock,Kiss
I Would Do For You,Reggae,UB40
Ice Cream Man,Rock,Van Halen
If You Have To Ask,Alternative & Punk,Red Hot Chili Peppers
I'm Gonna Crawl,Rock,Led Zeppelin
I'm The One,Rock,Van Halen
Immigrant Song,Rock,Led Zeppelin
In A Little While,Rock,U2
In Bloom,Rock,Nirvana
In My Time Of Dying,Rock,Led Zeppelin
In The Evening,Rock,Led Zeppelin
In The Light,Rock,Led Zeppelin
In Your Honor,Rock,Foo Fighters
Indios,Latin,Legião Urbana
Infinite Dreams,Metal,Iron Maiden
Inject The Venom,Rock,AC/DC
Interlude Zumbi,Latin,Chico Science & Nação Zumbi
Into The Fire,Rock,Deep Purple
Intro,Metal,Iron Maiden
Intro- Churchill S Speech,Heavy Metal,Iron Maiden
Intro/ Low Down,Metal,Black Label Society
Introdução (Live),Latin,Gilberto Gil
Iron Maiden,Metal,Iron Maiden
Ironic,Rock,Alanis Morissette
Is This Love (Live),Latin,Gilberto Gil
It Ain't Like That,Rock,Alice In Chains
It Doesn't Matter,Jazz,Spyro Gyra
It's a Mistake,Rock,Men At Work
It's Electric,Metal,Metallica
It's The End Of The World As We Know It (And I Feel Fine),Alternative & Punk,R.E.M.
J Squared,Jazz,Spyro Gyra
J.A.R. (Jason Andrew Relva),Alternative & Punk,Green Day
Já!!!,Latin,Ed Motta
Jacob's Ladder,Jazz,Incognito
Jaded,Alternative & Punk,Green Day
Jamie's Cryin',Rock,Van Halen
Janie's Got A Gun,Rock,Aerosmith
Jeito Faceiro,Latin,Olodum
Jesus Of Suburbia / City Of The Damned / I Don't Care / Dearly Beloved / Tales Of Another Broken Home,Alternative & Punk,Green Day
Jingo,Rock,Santana
Josephina,Rock,Van Halen
Journey Into Sunlight,Jazz,Incognito
Journey To Arnhemland,Electronica/Dance,Jamiroquai
Juazeiro,Soundtrack,Gilberto Gil
Jubilee,Jazz,Spyro Gyra
Judgement Of Heaven,Rock,Iron Maiden
Jump Around,Hip Hop/Rap,House Of Pain
Jump Around (Pete Rock Remix),Hip Hop/Rap,House Of Pain
Jump In The Fire,Metal,Metallica
Just Ain't Good Enough,Rock,Santana
Just Another Story,Electronica/Dance,Jamiroquai
Just Friends,R&B/Soul,Amy Winehouse
Kashmir,Rock,Led Zeppelin
Kayleigh,Rock,Marillion
Kickstart My Heart,Metal,Mötley Crüe
Killing Time,Metal,Metallica
King For A Day,R&B/Soul,Jamiroquai
King Of Dreams,Rock,Deep Purple
Kingston Town,Reggae,UB40
Kite,Rock,U2
Knockin On Heavens Door,Blues,Eric Clapton
Koyaanisqatsi,Soundtrack,Philip Glass Ensemble
La Puesta Del Sol,Rock,Santana
La Villa Strangiato,Rock,Rush
Lady Double Dealer,Rock,Deep Purple
Lament,Jazz,Miles Davis
Lamento Sertanejo,Soundtrack,Gilberto Gil
Landslide,Alternative & Punk,Smashing Pumpkins
Lanterna Dos Afogados,Latin,Os Paralamas Do Sucesso
L'Arc En Ciel De Miles,Jazz,Incognito
Last Caress/Green Hell,Metal,Metallica
Last Chance,Alternative & Punk,JET
Lavender,Rock,Marillion
Lay Down Sally,Blues,Eric Clapton
Layla,Blues,Eric Clapton
Lazy Gun,Alternative & Punk,JET
Lemon,Rock,U2
Leper Messiah,Metal,Metallica
Let It Grow,Blues,Eric Clapton
Let There Be Rock,Rock,AC/DC
Let's Get It Up,Rock,AC/DC
Let's Get Rocked,Rock,Def Leppard
Letterbomb,Alternative & Punk,Green Day
Lick It Up,Rock,Deep Purple
Lickin',Blues,The Black Crowes
Life Goes On,Hip Hop/Rap,House Of Pain
Light My Fire,Rock,The Doors
Light My Way,Rock,Audioslave
Light Years,Electronica/Dance,Jamiroquai
Ligia,Jazz,Antônio Carlos Jobim
Like A Bird,Metal,Black Label Society
Like a Stone,Rock,Audioslave
Linha Do Equador,Latin,Cláudio Zoli
Lithium,Rock,Nirvana
Little Dreamer,Rock,Van Halen
Little Linda,Jazz,Spyro Gyra
Live With Me,Rock,The Rolling Stones
Livin' On The Edge,Rock,Aerosmith
Living After Midnight,Metal,Judas Priest
Living Loving Maid (She's Just A Woman),Rock,Led Zeppelin
Living Wreck,Rock,Deep Purple
Livre Pra Viver,Latin,Cláudio Zoli
Longview,Alternative & Punk,Green Day
Look For The Truth,Rock,Iron Maiden
Look What You've Done,Alternative & Punk,JET
Looks That Kill,Metal,Mötley Crüe
Loosen My Strings,Rock,Deep Purple
Lord Of The Flies,Rock,Iron Maiden
Lords Of The Backstage,Rock,Marillion
Losfer Words,Metal,Iron Maiden
Lost My Better Half,Metal,Black Label Society
Lounge Act,Rock,Nirvana
Love And Peace Or Else,Rock,U2
Love Bites,Rock,Def Leppard
Love Conquers All,Rock,Deep Purple
Love Don't Mean a Thing,Rock,Deep Purple
Love Gun,Rock,Kiss
Love In An Elevator,Rock,Aerosmith
Love Is a Losing Game,R&B/Soul,Amy Winehouse
Love Is Blindness,Rock,U2
Love Is The Colour,Jazz,Incognito
Love Or Confusion,Rock,Jimi Hendrix
Loverman,Metal,Metallica
Macô,Latin,Chico Science & Nação Zumbi
Macy's Day Parade,Alternative & Punk,Green Day
Madagáscar Olodum,Latin,Olodum
Magnetic Ocean,Jazz,Incognito
Make Love Like A Man,Rock,Def Leppard
Man In The Box,Rock,Alice In Chains
Man On The Edge,Rock,Iron Maiden
Man Or Animal,Alternative & Punk,Audioslave
Man With The Woman Head,Rock,Frank Zappa & Captain Beefheart
Manguetown,Latin,Chico Science & Nação Zumbi
Manic Depression,Rock,Jimi Hendrix
Manifest Destiny,Electronica/Dance,Jamiroquai
Manuel,Latin,Ed Motta
Maracatu Atômico,Latin,Chico Science & Nação Zumbi
Maracatu Atômico [Atomic Version],Latin,Chico Science & Nação Zumbi
Maracatu Atômico [Ragga Mix],Latin,Chico Science & Nação Zumbi
Maracatu Atômico [Trip Hop],Latin,Chico Science & Nação Zumbi
Maria,Alternative & Punk,Green Day
Mary Jane,Rock,Alanis Morissette
Master Of Puppets,Metal,Apocalyptica
Mateus Enter,Latin,Chico Science & Nação Zumbi
May This Be Love,Rock,Jimi Hendrix
Me & Mr. Jones,R&B/Soul,Amy Winehouse
Me Liga,Latin,Os Paralamas Do Sucesso
Meia-Lua Inteira,Latin,Chico Buarque
Mellowship Slinky In B Major,Alternative & Punk,Red Hot Chili Peppers
Melô Do Marinheiro,Latin,Os Paralamas Do Sucesso
Memory Motel,Rock,The Rolling Stones
Menino Do Rio,Latin,Chico Buarque
Meninos E Meninas,Latin,Legião Urbana
Mercyful Fate,Metal,Metallica
Metal Meltdown,Metal,Judas Priest
Metal Militia,Metal,Metallica
Meu Caro Amigo,Latin,Chico Buarque
Meu Erro,Latin,Os Paralamas Do Sucesso
Meu Refrigerador Não Funciona,Alternative & Punk,Os Mutantes
MFC,Rock,Pearl Jam
Midnight,Rock,Red Hot Chili Peppers
Midnight From The Inside Out,Blues,The Black Crowes
Miles Ahead,Jazz,Miles Davis
Milk It,Rock,Nirvana
Millenium,Jazz,Incognito
Minha Historia,Latin,Chico Buarque
Minor Thing,Rock,Red Hot Chili Peppers
Minority,Alternative & Punk,Green Day
Miracle,Rock,Foo Fighters
Miracle Drug,Rock,U2
Miracle To Me,Blues,The Black Crowes
Mistreated,Rock,Deep Purple
Mistreated (Alternate Version),Rock,Deep Purple
Moby Dick,Rock,Led Zeppelin
Monkey Wrench,Rock,Foo Fighters
Moonchild,Metal,Iron Maiden
Morena De Angola,Latin,Chico Buarque
Morning Dance,Jazz,Spyro Gyra
Morning Glory,Electronica/Dance,Jamiroquai
Most High,Rock,Page & Plant
Motorbreath,Metal,Metallica
Move On,Alternative & Punk,JET
Mr. Moon,Electronica/Dance,Jamiroquai
Muffin Man,Rock,Frank Zappa & Captain Beefheart
Music Of The Wind,Rock,Jamiroquai
My Hero,Rock,Foo Fighters
My Lovely Man,Alternative & Punk,Red Hot Chili Peppers
My Poor Brain,Rock,Foo Fighters
My Ship,Jazz,Miles Davis
Mysterious Ways,Rock,U2
N.I.B.,Metal,Black Sabbath
Na Frente Da TV,Reggae,Cidade Negra
Naked In The Rain,Alternative & Punk,Red Hot Chili Peppers
Nasty Piece Of Work,Rock,Deep Purple
Negative Creep,Rock,Nirvana
New Rhumba,Jazz,Miles Davis
New Way Home,Rock,Foo Fighters
New York,Rock,U2
Neworld,Rock,Van Halen
Nice Guys Finish Last,Alternative & Punk,Green Day
Night Flight,Rock,Led Zeppelin
Night Of The Long Knives,Rock,AC/DC
No More Tears,Metal,Black Label Society
No Quarter,Rock,Led Zeppelin
No Remorse,Metal,Metallica
No Sign of Yesterday,Rock,Men At Work
No Way Back,Rock,Foo Fighters
Noite Do Prazer,Latin,Cláudio Zoli
Nossa Gente (Avisa Là),Latin,Olodum
Not The Doctor,Rock,Alanis Morissette
Nothin' To Lose,Rock,Kiss
Nothingman,Rock,Pearl Jam
Numb,Rock,U2
O Amor Daqui De Casa,Soundtrack,Gilberto Gil
O Beco,Latin,Os Paralamas Do Sucesso
O Boto (Bôto),Jazz,Antônio Carlos Jobim
O Cidadão Do Mundo,Latin,Chico Science & Nação Zumbi
O Encontro De Isaac Asimov Com Santos Dumont No Céu,Latin,Chico Science & Nação Zumbi
O Erê,Reggae,Cidade Negra
O Estrangeiro,Latin,Chico Buarque
O Leaozinho,Latin,Chico Buarque
O Que Será (À Flor Da Terra),Latin,Chico Buarque
Óculos,Latin,Os Paralamas Do Sucesso
Off He Goes,Rock,Pearl Jam
Óia Eu Aqui De Novo,Soundtrack,Gilberto Gil
Olodum - Alegria Geral,Latin,Olodum
Olodum - Smile (Instrumental),Latin,Olodum
On A Plain,Rock,Nirvana
On Fire,Rock,Van Halen
On Mercury,Rock,Red Hot Chili Peppers
On The Mend,Rock,Foo Fighters
Once,Rock,Van Halen
Onde Você Mora?,Reggae,Cidade Negra
One,Rock,U2
One For The Road,Hip Hop/Rap,House Of Pain
One I Want,Rock,Van Halen
One Man's Meat,Rock,Deep Purple
One Step Closer,Rock,U2
Only the Good Die Young,Metal,Iron Maiden
Opachorô (Live),Latin,Gilberto Gil
Original Of The Species,Rock,U2
Orion,Metal,Metallica
Out Of Control,Rock,The Rolling Stones
Out Of Exile,Alternative & Punk,Audioslave
Out On The Tiles,Rock,Led Zeppelin
Outra Vez,Jazz,Antônio Carlos Jobim
Over And Out,Rock,Foo Fighters
Over The Hills And Far Away,Rock,Led Zeppelin
Overdose,Rock,AC/DC
Overkill,Rock,Men At Work
Pais E Filhos,Latin,Legião Urbana
Palco (Live),Latin,Gilberto Gil
Panis Et Circenses,Alternative & Punk,Os Mutantes
Pau-De-Arara,Soundtrack,Gilberto Gil
Peace On Earth,Rock,U2
Pela Internet (Live),Latin,Gilberto Gil
Pensamento,Reggae,Cidade Negra
Perfect,Rock,Alanis Morissette
Perfect Circle,Alternative & Punk,R.E.M.
Perfeição,Latin,Legião Urbana
Perplexo,Latin,Os Paralamas Do Sucesso
Persuasion,Rock,Santana
Phantom Lord,Metal,Metallica
Phantom Of The Opera,Heavy Metal,Iron Maiden
Phoney Smile Fake Hellos,Metal,Black Label Society
Photograph,Rock,Def Leppard
Planet Home,R&B/Soul,Jamiroquai
Plaster Caster,Rock,Kiss
Playtime,Jazz,Spyro Gyra
Please Read The Letter,Rock,Page & Plant
Podres Poderes,Latin,Chico Buarque
Polly,Rock,Nirvana
Poofter's Froth Wyoming Plans Ahead,Rock,Frank Zappa & Captain Beefheart
Poprocks And Coke,Alternative & Punk,Green Day
Por Causa De Você,Jazz,Antônio Carlos Jobim
Pour Some Sugar On Me,Rock,Def Leppard
Powerslave,Metal,Iron Maiden
Pretty Persuasion,Alternative & Punk,R.E.M.
Primal Scream,Metal,Mötley Crüe
Primary,Rock,Van Halen
Princess of the Dawn,Rock,Accept
Problem Child,Rock,AC/DC
Promises,Blues,Eric Clapton
Protesto Do Olodum (Ao Vivo),Latin,Olodum
Pseudo Silk Kimono,Rock,Marillion
Purple Haze,Rock,Jimi Hendrix
Pushin Forward Back,Alternative,Temple of the Dog
Put On Your Shit Kickers,Hip Hop/Rap,House Of Pain
Put The Finger On You,Rock,AC/DC
Put You Down,Rock,Alice In Chains
Put Your Head Out,Hip Hop/Rap,House Of Pain
Qualquer Coisa,Latin,Chico Buarque
Quanta (Live),Latin,Gilberto Gil
Quase Um Segundo,Latin,Os Paralamas Do Sucesso
Que País É Este,Latin,Legião Urbana
Queixa,Latin,Chico Buarque
Quest For Fire,Metal,Iron Maiden
Qui Nem Jiló,Soundtrack,Gilberto Gil
Quilombo Groove [Instrumental],Latin,Chico Science & Nação Zumbi
Radio Free Aurope,Alternative & Punk,R.E.M.
Radio Song,Alternative & Punk,JET
Rag Doll,Rock,Aerosmith
Ram It Down,Metal,Judas Priest
Ramble On,Rock,Led Zeppelin
Ramshackle Man,Rock,Deep Purple
Rasul,Jazz,Spyro Gyra
Razor,Rock,Foo Fighters
Reach Down,Alternative,Temple of the Dog
Real Love,Alternative & Punk,Smashing Pumpkins
Real Thing,Rock,Alice In Chains
Realidade Virtual,Reggae,Cidade Negra
Red House,Rock,Jimi Hendrix
Red Mosquito,Rock,Pearl Jam
Redundant,Alternative & Punk,Green Day
Refavela (Live),Latin,Gilberto Gil
Reggae Music,Reggae,UB40
Reggae Odoyá,Latin,Olodum
Rehab,R&B/Soul,Amy Winehouse
Rehab (Hot Chip Remix),R&B/Soul,Amy Winehouse
Remedy,Blues,The Black Crowes
Remember,Rock,Jimi Hendrix
Requebra,Latin,Olodum
Resolve,Rock,Foo Fighters
Respectable,Rock,The Rolling Stones
Restless and Wild,Rock,Accept
Revelations,Metal,Iron Maiden
Revolta Olodum,Latin,Olodum
Revolution 1993,Rock,Jamiroquai
Rhinocerous,Alternative & Punk,Smashing Pumpkins
Ride The Lightning,Metal,Metallica
Right Through You,Rock,Alanis Morissette
Rime Of The Ancient Mariner,Metal,Iron Maiden
Rita Lee,Alternative & Punk,Os Mutantes
Rock And Roll All Nite,Rock,Kiss
Rock Bottom,Rock,Kiss
Rock Me,Rock,Santana
Rock Of Ages,Rock,Def Leppard
Rocket,Rock,Def Leppard
Rollover D.J.,Alternative & Punk,JET
Romance Ideal,Latin,Os Paralamas Do Sucesso
Rosa's Cantina,Rock,Deep Purple
Run To The Hills,Metal,Iron Maiden
Runnin' With The Devil,Rock,Van Halen
Running Free,Metal,Iron Maiden
Sábado A Noite,Reggae,Cidade Negra
Sabbra Cadabra,Metal,Metallica
Sad But True,Metal,Apocalyptica
Saint Of Me,Rock,The Rolling Stones
Salutations,Hip Hop/Rap,House Of Pain
Sam With The Showing Scalp Flat Top,Rock,Frank Zappa & Captain Beefheart
Samba De Orly,Latin,Chico Buarque
Samba De Uma Nota Só (One Note Samba),Jazz,Antônio Carlos Jobim
Samba Do Lado,Latin,Chico Science & Nação Zumbi
Same Ol' Situation,Metal,Mötley Crüe
Samidarish [Instrumental],Latin,Chico Science & Nação Zumbi
Sampa,Latin,Chico Buarque
Sanctuary,Rock,Iron Maiden
Sangue De Bairro,Latin,Chico Science & Nação Zumbi
Santana Jam,Rock,Santana
Say Hello 2 Heaven,Alternative,Temple of the Dog
Scam,Electronica/Dance,Jamiroquai
Scentless Apprentice,Rock,Nirvana
School,Rock,Nirvana
Se Todos Fossem Iguais A Você (Instrumental),Jazz,Antônio Carlos Jobim
Sea Of Sorrow,Rock,Alice In Chains
See You,Rock,Foo Fighters
See You Tonight,Rock,Kiss
Seek & Destroy,Metal,Metallica
Seis Da Tarde,Latin,Ed Motta
Selvagem,Latin,Os Paralamas Do Sucesso
Será,Latin,Legião Urbana
Será Que Vai Chover?,Latin,Os Paralamas Do Sucesso
Set It Off,Rock,Audioslave
Seventh Son of a Seventh Son,Metal,Iron Maiden
Shadow on the Sun,Rock,Audioslave
Shakes and Ladders,Rock,Men At Work
Shamrocks And Shenanigans,Hip Hop/Rap,House Of Pain
Shamrocks And Shenanigans (Boom Shalock Lock Boom/Butch Vig Mix),Hip Hop/Rap,House Of Pain
She,Alternative & Punk,Green Day
She Talks To Angels,Blues,The Black Crowes
She Wears Black,Jazz,Incognito
She's A Rebel,Alternative & Punk,Green Day
Shining In The Light,Rock,Page & Plant
Shock Me,Rock,Kiss
Shout At The Devil,Metal,Mötley Crüe
Shout It Out Loud,Rock,Kiss
Show Me How to Live,Rock,Audioslave
Sick Again,Rock,Led Zeppelin
Sign Of The Cross,Metal,Iron Maiden
Since I've Been Loving You,Rock,Led Zeppelin
Sir Psycho Sexy,Alternative & Punk,Red Hot Chili Peppers
Sister Morphine,Rock,The Rolling Stones
Siva,Alternative & Punk,Smashing Pumpkins
SKA,Latin,Os Paralamas Do Sucesso
Sleeping Village,Metal,Black Sabbath
Sliver,Rock,Nirvana
Smells Like Teen Spirit,Rock,Nirvana
Smoke On The Water,Rock,Deep Purple
Smokin' in The Boys Room,Metal,Mötley Crüe
Snowballed,Rock,AC/DC
Snowblind,Metal,Black Label Society
So Central Rain,Alternative & Punk,R.E.M.
So Cruel,Rock,U2
So What,Metal,Metallica
Sobremesa,Latin,Chico Science & Nação Zumbi
Soldier Of Fortune,Rock,Deep Purple
Solitaire,Rock,Deep Purple
Solução,Latin,Ed Motta
Sombras Do Meu Destino,Latin,Ed Motta
Some Days Are Better Than Others,Rock,U2
Some Heads Are Gonna Roll,Metal,Judas Priest
Some Unholy War,R&B/Soul,Amy Winehouse
Somebody Stole My Guitar,Rock,Deep Purple
Somethin' Else,Rock,Led Zeppelin
Something For Nothing,Rock,Rush
Something In The Way,Rock,Nirvana
Sometimes I Feel Like Screaming,Rock,Deep Purple
Sometimes Salvation,Blues,The Black Crowes
Sometimes You Can't Make It On Your Own,Rock,U2
Song For Lorraine,Jazz,Spyro Gyra
Sons Of Freedom,Rock,Page & Plant
Soon Forgotten,Rock,Deep Purple
Soul Education,R&B/Soul,Jamiroquai
Soul Kitchen,Rock,The Doors
Soul Sacrifice,Rock,Santana
Soul Singing,Blues,The Black Crowes
South Bound Saurez,Rock,Led Zeppelin
Space Cowboy,Electronica/Dance,Jamiroquai
Space Truckin',Rock,Deep Purple
Spank Thru,Rock,Nirvana
Speed King,Rock,Deep Purple
Spellbound,Rock,AC/DC
Springsville,Jazz,Miles Davis
Springsville (Alternate Take),Jazz,Miles Davis
St. Jimmy,Alternative & Punk,Green Day
Stairway To Heaven,Rock,Led Zeppelin
Stand Inside Your Love,Alternative & Punk,Smashing Pumpkins
Starburst,Jazz,Spyro Gyra
Stay Away,Rock,Nirvana
Still,Rock,Foo Fighters
Still Life,Metal,Iron Maiden
Stillness In Time,Electronica/Dance,Jamiroquai
Sting Me,Blues,The Black Crowes
Stir It Up (Live),Latin,Gilberto Gil
Stone Cold Crazy,Metal,Metallica
Stone Dead Forever,Metal,Metallica
Stone Free,Rock,Jimi Hendrix
Stormbringer,Rock,Deep Purple
Strange Brew,Blues,Eric Clapton
Stronger Than Death,Metal,Black Label Society
Strutter,Rock,Kiss
Stuck In A Moment You Can't Get Out Of,Rock,U2
Stuck With Me,Alternative & Punk,Green Day
Suck My Kiss,Alternative & Punk,Red Hot Chili Peppers
Sun And Steel,Metal,Iron Maiden
Sunchild,Jazz,Incognito
Sunshine,Rock,Alice In Chains
Sunshine Of Your Love,Blues,Eric Clapton
Super Terrorizer,Metal,Black Label Society
Supersonic,R&B/Soul,Jamiroquai
Superstition,Reggae,UB40
Sure Know Something,Rock,Kiss
Surrender,Jazz,Spyro Gyra
Swing Low Sweet Chariot,Blues,Eric Clapton
Tailgunner,Rock,Iron Maiden
Take It As It Comes,Rock,The Doors
Take It Or Leave It,Alternative & Punk,JET
Talk About Love,Rock,Deep Purple
Talk About The Passion,Alternative & Punk,R.E.M.
Tangerine,Rock,Led Zeppelin
Tatuagem,Latin,Chico Buarque
Tear,Rock,Red Hot Chili Peppers
Tears Dry On Their Own,R&B/Soul,Amy Winehouse
Tempo Perdido,Latin,Legião Urbana
Ten Years Gone,Rock,Led Zeppelin
Terra,Latin,Chico Buarque
Territorial Pissings,Rock,Nirvana
Thank You,Rock,Led Zeppelin
That's The Way,Rock,Led Zeppelin
The Aftermath,Rock,Iron Maiden
The Aviator,Rock,Deep Purple
The Battle Rages On,Rock,Deep Purple
The Begining... At Last,Metal,Black Label Society
The Beginning...At Last,Metal,Black Label Society
The Call Of Ktulu,Metal,Metallica
The Clairvoyant,Metal,Iron Maiden
The Clansman,Rock,Iron Maiden
The Crunge,Rock,Led Zeppelin
The Crystal Ship,Rock,The Doors
The Curse,Alternative & Punk,Audioslave
The Cut Runs Deep,Rock,Deep Purple
The Deepest Blues Are Black,Rock,Foo Fighters
The Duke,Jazz,Miles Davis
The Edge Of Darkness,Rock,Iron Maiden
The End,Rock,The Doors
The Everlasting Gaze,Alternative & Punk,Smashing Pumpkins
The Evil That Men Do,Rock,Iron Maiden
The Finest Worksong,Alternative & Punk,R.E.M.
The First Time,Rock,U2
The Fly,Rock,U2
The Four Horsemen,Metal,Metallica
The Girl I Love She Got Long Black Wavy Hair,Rock,Led Zeppelin
The Green Manalishi,Metal,Judas Priest
The Greeting Song,Alternative & Punk,Red Hot Chili Peppers
The Gypsy,Rock,Deep Purple
The Hellion,Metal,Judas Priest
The Kids,Electronica/Dance,Jamiroquai
The Last Remaining Light,Rock,Audioslave
The Last Song,Rock,Foo Fighters
The Last Time,Rock,The Rolling Stones
The Lemon Song,Rock,Led Zeppelin
The Maids Of Cadiz,Jazz,Miles Davis
The Meaning Of The Blues,Jazz,Miles Davis
The Meaning Of The Blues/Lament (Alternate Take),Jazz,Miles Davis
The Mercenary,Metal,Iron Maiden
The More I See,Metal,Metallica
The Number Of The Beast,Metal,Iron Maiden
The Ocean,Rock,Led Zeppelin
The One I Love,Alternative & Punk,R.E.M.
The Other Side,Rock,Aerosmith
The Power Of Equality,Alternative & Punk,Red Hot Chili Peppers
The Prince,Metal,Metallica
The Prophecy,Metal,Iron Maiden
The Purpendicular Waltz,Rock,Deep Purple
The Rain Song,Rock,Led Zeppelin
The Righteous & The Wicked,Alternative & Punk,Red Hot Chili Peppers
The Rover,Rock,Led Zeppelin
The Small Hours,Metal,Metallica
The Song Remains The Same,Rock,Led Zeppelin
The Spirit Of Radio,Rock,Rush
The Temples Of Syrinx,Rock,Rush
The Thing That Should Not Be,Metal,Metallica
The Trees,Rock,Rush
The Trooper,Metal,Iron Maiden
The Unbeliever,Rock,Iron Maiden
The Unforgiven,Metal,Apocalyptica
The Wait,Metal,Metallica
The Wanderer,Rock,U2
The Wanton Song,Rock,Led Zeppelin
The Way You Do To Mer,Rock,Santana
The Wicker Man,Metal,Iron Maiden
The Wind Cries Mary,Rock,Jimi Hendrix
The Wizard,Metal,Black Sabbath
The Worm,Alternative & Punk,Audioslave
The Zephyr Song,Rock,Red Hot Chili Peppers
They're Red Hot,Alternative & Punk,Red Hot Chili Peppers
Thick & Thin,Blues,The Black Crowes
Thief In The Night,Rock,The Rolling Stones
Thinking 'Bout Tomorrow,Jazz,Incognito
Third Stone From The Sun,Rock,Jimi Hendrix
This Is The Place,Rock,Red Hot Chili Peppers
Throw Away Your Television,Rock,Red Hot Chili Peppers
Time To Kill,Rock,Deep Purple
Times of Trouble,Alternative,Temple of the Dog
Timothy,Alternative & Punk,JET
Title Song,Blues,The Black Crowes
To Tame A Land,Metal,Iron Maiden
Today,Alternative & Punk,Smashing Pumpkins
Todo Amor (Asas Da Liberdade),Latin,Olodum
Too Fast For Love,Metal,Mötley Crüe
Too Late Too Late,Metal,Metallica
Too Much Is Not Enough,Rock,Deep Purple
Too Young To Die,Rock,Jamiroquai
Top O' The Morning To Ya,Hip Hop/Rap,House Of Pain
Top Top,Alternative & Punk,Os Mutantes
Tourette's,Rock,Nirvana
Trampled Under Foot,Rock,Led Zeppelin
Trapped Under Ice,Metal,Metallica
Travelling Riverside Blues,Rock,Led Zeppelin
Trocando Em Miúdos,Latin,Chico Buarque
Truth Hurts,Rock,Deep Purple
Tryin' To Throw Your Arms Around The World,Rock,U2
Tuesday's Gone,Metal,Metallica
Turbo Lover,Metal,Judas Priest
Turn The Page,Metal,Metallica
Twentienth Century Fox,Rock,The Doors
Twice As Hard,Blues,The Black Crowes
Two Steps Behind [Acoustic Version],Rock,Def Leppard
Tyrant (Live),Metal,Judas Priest
Último Pau-De-Arara,Soundtrack,Gilberto Gil
Ultraviolet (Light My Way),Rock,U2
Um Contrato Com Deus,Latin,Ed Motta
Um Indio,Latin,Chico Buarque
Um Jantar Pra Dois,Latin,Ed Motta
Um Love,Latin,Ed Motta
Um Passeio No Mundo Livre,Latin,Chico Science & Nação Zumbi
Um Satélite Na Cabeça,Latin,Chico Science & Nação Zumbi
Under The Bridge,Alternative & Punk,Red Hot Chili Peppers
Universally Speaking,Rock,Red Hot Chili Peppers
Until My Dying Day,Reggae,UB40
Until The End Of The World,Rock,U2
Untitled,Rock,Pearl Jam
Up In Arms,Rock,Foo Fighters
Upon A Golden Horse,Rock,Page & Plant
Vai Passar,Latin,Chico Buarque
Vai Trabalhar Vagabundo,Latin,Chico Buarque
Valentino's,Jazz,Spyro Gyra
Vamos Dançar,Latin,Ed Motta
Vavoom : Ted The Mechanic,Rock,Deep Purple
Vendedor De Caranguejo (Live),Latin,Gilberto Gil
Venice Queen,Rock,Red Hot Chili Peppers
Vento No Litoral,Latin,Legião Urbana
Vertigo,Rock,U2
Victim Of Change (Live),Metal,Judas Priest
Vida De Cachorro,Alternative & Punk,Os Mutantes
Virginia Moon,Rock,Foo Fighters
Vital E Sua Moto,Latin,Os Paralamas Do Sucesso
Voce e Linda,Latin,Chico Buarque
Voce Nao Entende Nada - Cotidiano,Latin,Chico Buarque
Wainting On A Friend,Rock,The Rolling Stones
Waiting,Alternative & Punk,Green Day
Wake Me Up When September Ends,Alternative & Punk,Green Day
Wake Up,Rock,Alanis Morissette
Wake Up Alone,R&B/Soul,Amy Winehouse
Walk On,Rock,U2
Walk On Water,Rock,Aerosmith
Walking After You,Rock,Foo Fighters
Walking Contradiction,Alternative & Punk,Green Day
Walking Into Clarksdale,Rock,Page & Plant
Warm Tape,Rock,Red Hot Chili Peppers
Warning,Metal,Black Sabbath
Wasting Love,Rock,Iron Maiden
Waterhole (Expresso Bongo),Rock,Marillion
We Die Young,Rock,Alice In Chains
Wear You To The Ball,Reggae,UB40
Welcome Home (Sanitarium),Metal,Apocalyptica
Welcome To Paradise,Alternative & Punk,Green Day
Were Do We Go From Here,R&B/Soul,Jamiroquai
Westwood Moon,Jazz,Spyro Gyra
We've Got To Get Together/Jingo,Rock,Santana
What If I Do?,Rock,Foo Fighters
What is and Should Never Be,Rock,Led Zeppelin
What Is And What Should Never Be,Rock,Led Zeppelin
What It Takes,Rock,Aerosmith
What You Are,Rock,Audioslave
Whatsername,Alternative & Punk,Green Day
When Evening Falls,Jazz,Spyro Gyra
When I Come Around,Alternative & Punk,Green Day
When I Look At The World,Rock,U2
When I Was A Child,Rock,Page & Plant
When Love & Hate Collide,Rock,Def Leppard
When The World Was Young,Rock,Page & Plant
When You Gonna Learn (Digeridoo),Rock,Jamiroquai
Where Did I Go Wrong,Reggae,UB40
Where Eagles Dare,Metal,Iron Maiden
Wherever I May Roam,Metal,Apocalyptica
Whiplash,Metal,Metallica
Whiskey In The Jar,Metal,Metallica
White Feather,Rock,Marillion
White Room,Blues,Eric Clapton
Who Can It Be Now?,Rock,Men At Work
Whole Lotta Love,Rock,Led Zeppelin
Whole Lotta Love (Medley),Rock,Led Zeppelin
Whole Lotta Rosie,Rock,AC/DC
Who's Gonna Ride Your Wild Horses,Rock,U2
Wicked Ways,Rock,Deep Purple
Wild Honey,Rock,U2
Wild Side,Metal,Mötley Crüe
Wind Up,Rock,Foo Fighters
Wiser Time,Blues,The Black Crowes
Without You,Metal,Mötley Crüe
Wonderful Tonight,Blues,Eric Clapton
Wooden Jesus,Alternative,Temple of the Dog
World Of Trouble,Metal,Black Label Society
Wrathchild,Heavy Metal,Iron Maiden
Xanadu,Rock,Rush
Yahweh,Rock,U2
Year to the Day,Rock,Van Halen
Yesterday To Tomorrow,Alternative & Punk,Audioslave
You Can't Do it Right (With the One You Love),Rock,Deep Purple
You Fool No One,Rock,Deep Purple
You Fool No One (Alternate Version),Rock,Deep Purple
You Got Me Rocking,Rock,The Rolling Stones
You Know I'm No Good,R&B/Soul,Amy Winehouse
You Know I'm No Good (feat. Ghostface Killah),R&B/Soul,Amy Winehouse
You Learn,Rock,Alanis Morissette
You Oughta Know,Rock,Alanis Morissette
You Oughta Know (Alternate),Rock,Alanis Morissette
You Really Got Me,Rock,Van Halen
You Shook Me,Rock,Led Zeppelin
You Shook Me(2),Rock,Led Zeppelin
Your Savior,Alternative,Temple of the Dog
Your Time Has Come,Alternative & Punk,Audioslave
Your Time Is Gonna Come,Rock,Led Zeppelin
You've Got Another Thing Comin',Metal,Judas Priest
Zero,Alternative & Punk,Smashing Pumpkins
Zoo Station,Rock,U2
Zooropa,Rock,U2
